{
  "closurePassed" : true,
  "componentOrder" : [
    "reflectedPopulation",
    "interpolationAuxiliary",
    "movingWall",
    "coverImpulse",
    "uncoverImpulse"
  ],
  "finite" : true,
  "maximumAllowedRelativeClosureResidual" : 0.0002,
  "maximumRelativeForceClosureResidual" : 2.3154537222092334e-07,
  "maximumRelativePowerClosureResidual" : 6.137125474829496e-08,
  "maximumRelativeTorqueClosureResidual" : 1.3418201695709867e-07,
  "passed" : true,
  "samples" : [
    {
      "components" : {
        "coverImpulse" : {
          "actuatorPowerWatts" : -0.03894296463315499,
          "load" : {
            "forceNewtons" : [
              -0.12576646,
              0.71359736,
              0.006090464
            ],
            "torqueNewtonMeters" : [
              2.0252984,
              0.53182316,
              24.443811
            ]
          }
        },
        "interpolationAuxiliary" : {
          "actuatorPowerWatts" : 0.08681239567760039,
          "load" : {
            "forceNewtons" : [
              0.8060872,
              -1.6262497,
              3.7818995
            ],
            "torqueNewtonMeters" : [
              6.4638977,
              -105.870224,
              -54.49061
            ]
          }
        },
        "movingWall" : {
          "actuatorPowerWatts" : 1.5562045509630293,
          "load" : {
            "forceNewtons" : [
              5.4843445,
              -31.410866,
              7.3284955
            ],
            "torqueNewtonMeters" : [
              -74.21408,
              -221.72443,
              -976.8021
            ]
          }
        },
        "reflectedPopulation" : {
          "actuatorPowerWatts" : -1.3798263665332837,
          "load" : {
            "forceNewtons" : [
              -3.1791213,
              28.026928,
              -5.287321
            ],
            "torqueNewtonMeters" : [
              71.720825,
              146.76218,
              866.09265
            ]
          }
        },
        "uncoverImpulse" : {
          "actuatorPowerWatts" : -0.15661154095483956,
          "load" : {
            "forceNewtons" : [
              -2.6218011,
              2.969199,
              -4.9701023
            ],
            "torqueNewtonMeters" : [
              -5.594805,
              155.89604,
              98.3023
            ]
          }
        }
      },
      "flyer" : "leader",
      "followerPhase" : 0.03501400560224077,
      "leaderPhase" : 0.7850140056022409,
      "production" : {
        "actuatorPowerWatts" : 0.06763598639657639,
        "load" : {
          "forceNewtons" : [
            0.36374342,
            -1.3273901,
            0.85905457
          ],
          "torqueNewtonMeters" : [
            0.40115356,
            -24.404602,
            -42.453915
          ]
        }
      },
      "reconstructed" : {
        "actuatorPowerWatts" : 0.06763605324833694,
        "load" : {
          "forceNewtons" : [
            0.36374283,
            -1.3273909,
            0.8590622
          ],
          "torqueNewtonMeters" : [
            0.40113544,
            -24.404602,
            -42.453957
          ]
        }
      },
      "relativeForceClosureResidual" : 1.0590137155072542e-07,
      "relativePowerClosureResidual" : 2.0771751756193053e-08,
      "relativeTorqueClosureResidual" : 2.0645146301138875e-08
    },
    {
      "components" : {
        "coverImpulse" : {
          "actuatorPowerWatts" : -0.0034455360695912545,
          "load" : {
            "forceNewtons" : [
              0.07431279,
              0.0154459365,
              0.09386026
            ],
            "torqueNewtonMeters" : [
              3.3031974,
              -0.10903394,
              -2.8313622
            ]
          }
        },
        "interpolationAuxiliary" : {
          "actuatorPowerWatts" : 0.015243999476192118,
          "load" : {
            "forceNewtons" : [
              -0.10830107,
              0.13342121,
              0.12717795
            ],
            "torqueNewtonMeters" : [
              6.4042664,
              -6.483843,
              5.190077
            ]
          }
        },
        "movingWall" : {
          "actuatorPowerWatts" : 0.3157749458898378,
          "load" : {
            "forceNewtons" : [
              -6.559742,
              0.15815665,
              -2.455099
            ],
            "torqueNewtonMeters" : [
              -69.55771,
              -42.32166,
              264.18875
            ]
          }
        },
        "reflectedPopulation" : {
          "actuatorPowerWatts" : -0.26280268997715595,
          "load" : {
            "forceNewtons" : [
              5.0467024,
              0.22212766,
              3.3390818
            ],
            "torqueNewtonMeters" : [
              101.431915,
              31.237663,
              -199.0448
            ]
          }
        },
        "uncoverImpulse" : {
          "actuatorPowerWatts" : -0.04939743831692102,
          "load" : {
            "forceNewtons" : [
              0.63810366,
              -0.19933313,
              -0.8210234
            ],
            "torqueNewtonMeters" : [
              -29.926996,
              17.648273,
              -35.694916
            ]
          }
        }
      },
      "flyer" : "follower",
      "followerPhase" : 0.03501400560224077,
      "leaderPhase" : 0.7850140056022409,
      "production" : {
        "actuatorPowerWatts" : 0.015373300232383782,
        "load" : {
          "forceNewtons" : [
            -0.90892583,
            0.32981873,
            0.28399563
          ],
          "torqueNewtonMeters" : [
            11.654663,
            -0.02861023,
            31.807732
          ]
        }
      },
      "reconstructed" : {
        "actuatorPowerWatts" : 0.015373283848295612,
        "load" : {
          "forceNewtons" : [
            -0.9089243,
            0.3298183,
            0.28399748
          ],
          "torqueNewtonMeters" : [
            11.654673,
            -0.028598785,
            31.807755
          ]
        }
      },
      "relativeForceClosureResidual" : 1.6931808043569223e-07,
      "relativePowerClosureResidual" : 2.5336299409296728e-08,
      "relativeTorqueClosureResidual" : 4.819177125070732e-08
    },
    {
      "components" : {
        "coverImpulse" : {
          "actuatorPowerWatts" : -0.0408879072125221,
          "load" : {
            "forceNewtons" : [
              -0.4748555,
              0.8812606,
              0.10965912
            ],
            "torqueNewtonMeters" : [
              6.5731134,
              -1.219453,
              25.664618
            ]
          }
        },
        "interpolationAuxiliary" : {
          "actuatorPowerWatts" : 0.035580974401591595,
          "load" : {
            "forceNewtons" : [
              0.044536263,
              -1.76211,
              3.9629169
            ],
            "torqueNewtonMeters" : [
              34.892532,
              -77.06887,
              -22.33355
            ]
          }
        },
        "movingWall" : {
          "actuatorPowerWatts" : 1.6736695606351275,
          "load" : {
            "forceNewtons" : [
              19.560616,
              -28.015884,
              8.353577
            ],
            "torqueNewtonMeters" : [
              31.80385,
              -264.39255,
              -1050.5328
            ]
          }
        },
        "reflectedPopulation" : {
          "actuatorPowerWatts" : -1.4616676045221737,
          "load" : {
            "forceNewtons" : [
              -17.278744,
              24.493176,
              -5.6276684
            ],
            "torqueNewtonMeters" : [
              1.1569214,
              171.14343,
              917.46295
            ]
          }
        },
        "uncoverImpulse" : {
          "actuatorPowerWatts" : -0.1551238826499222,