{
  "allPulledPopulationsPositive" : true,
  "captureStep" : 27,
  "classification" : "stationary-wall-c16-trt-symmetric-relaxation-overshoot",
  "density" : 0.9983681440353394,
  "deviceName" : "Apple M4",
  "diagnosticCompleted" : true,
  "diagnosticKernel" : "captureTRTCollisionDecomposition",
  "directionTerms" : [
    {
      "actualPostCollision" : 0.40291672945022583,
      "antisymmetricNonequilibrium" : 0,
      "antisymmetricRelaxationIncrement" : -0,
      "directionIndex" : 0,
      "equilibriumPopulation" : 0.3311384320259094,
      "latticeDirection" : [
        0,
        0,
        0
      ],
      "postWithoutAntisymmetricIncrement" : 0.40291671454906464,
      "postWithoutSymmetricIncrement" : 0.25928446650505066,
      "predictedPostCollision" : 0.40291672945022583,
      "predictionResidual" : 0,
      "pullSourceCell" : [
        5,
        9,
        12
      ],
      "pullSourceInsideDomain" : true,
      "pullSourceIsSolid" : false,
      "pulledPopulation" : 0.25928446650505066,
      "symmetricNonequilibrium" : -0.07185396552085876,
      "symmetricRelaxationIncrement" : 0.14363224804401398
    },
    {
      "actualPostCollision" : 0.015500080771744251,
      "antisymmetricNonequilibrium" : -0.004221336916089058,
      "antisymmetricRelaxationIncrement" : 5.9271524150972255e-06,
      "directionIndex" : 1,
      "equilibriumPopulation" : 0.060858845710754395,
      "latticeDirection" : [
        1,
        0,
        0
      ],
      "postWithoutAntisymmetricIncrement" : 0.015494152903556824,
      "postWithoutSymmetricIncrement" : 0.09783015794255334,
      "predictedPostCollision" : 0.015500079840421677,
      "predictionResidual" : 9.313225746154785e-10,
      "pullSourceCell" : [
        4,
        9,
        12
      ],
      "pullSourceInsideDomain" : true,
      "pullSourceIsSolid" : false,
      "pulledPopulation" : 0.09782423079013824,
      "symmetricNonequilibrium" : 0.041186727583408356,
      "symmetricRelaxationIncrement" : -0.08233007788658142
    },
    {
      "actualPostCollision" : 0.013119530864059925,
      "antisymmetricNonequilibrium" : 0.004221336916089058,
      "antisymmetricRelaxationIncrement" : -5.9271524150972255e-06,
      "directionIndex" : 2,
      "equilibriumPopulation" : 0.05004747584462166,
      "latticeDirection" : [
        -1,
        0,
        0
      ],
      "postWithoutAntisymmetricIncrement" : 0.013125456869602203,
      "postWithoutSymmetricIncrement" : 0.09544960760376853,
      "predictedPostCollision" : 0.01311952993273735,
      "predictionResidual" : 9.313225746154785e-10,
      "pullSourceCell" : [
        6,
        9,
        12
      ],
      "pullSourceInsideDomain" : true,
      "pullSourceIsSolid" : true,
      "pulledPopulation" : 0.09545553475618362,
      "symmetricNonequilibrium" : 0.041186727583408356,
      "symmetricRelaxationIncrement" : -0.08233007788658142
    },
    {
      "actualPostCollision" : 0.0730891153216362,
      "antisymmetricNonequilibrium" : 0.0026110056787729263,
      "antisymmetricRelaxationIncrement" : -3.6660965179180494e-06,
      "directionIndex" : 3,
      "equilibriumPopulation" : 0.04809810593724251,
      "latticeDirection" : [
        0,
        1,
        0
      ],
      "postWithoutAntisymmetricIncrement" : 0.07309277728199959,
      "postWithoutSymmetricIncrement" : 0.028298183864762905,
      "predictedPostCollision" : 0.0730891078710556,
      "predictionResidual" : 7.450580596923828e-09,
      "pullSourceCell" : [
        5,
        8,
        12
      ],
      "pullSourceInsideDomain" : true,
      "pullSourceIsSolid" : false,
      "pulledPopulation" : 0.028301849961280823,
      "symmetricNonequilibrium" : -0.02240726351737976,
      "symmetricRelaxationIncrement" : 0.044790927320718765
    },
    {
      "actualPostCollision" : 0.0831029936671257,
      "antisymmetricNonequilibrium" : -0.0026110056787729263,
      "antisymmetricRelaxationIncrement" : 3.6660965179180494e-06,
      "directionIndex" : 4,
      "equilibriumPopulation" : 0.06332666426897049,
      "latticeDirection" : [
        0,
        -1,
        0
      ],
      "postWithoutAntisymmetricIncrement" : 0.08309932425618172,
      "postWithoutSymmetricIncrement" : 0.03831206303198087,
      "predictedPostCollision" : 0.0831029862165451,
      "predictionResidual" : 7.450580596923828e-09,
      "pullSourceCell" : [
        5,
        10,
        12
      ],
      "pullSourceInsideDomain" : true,
      "pullSourceIsSolid" : true,
      "pulledPopulation" : 0.03830839693546295,
      "symmetricNonequilibrium" : -0.02240726351737976,
      "symmetricRelaxationIncrement" : 0.044790927320718765
    },
    {
      "actualPostCollision" : 0.07090995460748672,
      "antisymmetricNonequilibrium" : -0.0008305422961711884,
      "antisymmetricRelaxationIncrement" : 1.166159222520946e-06,
      "directionIndex" : 5,
      "equilibriumPopulation" : 0.057319894433021545,
      "latticeDirection" : [
        0,
        0,
        1
      ],
      "postWithoutAntisymmetricIncrement" : 0.07090878486633301,
      "postWithoutSymmetricIncrement" : 0.042055882656882204,
      "predictedPostCollision" : 0.07090995460748672,
      "predictionResidual" : 0,
      "pullSourceCell" : [
        5,
        9,
        11
      ],
      "pullSourceInsideDomain" : true,
      "pullSourceIsSolid" : false,
      "pulledPopulation" : 0.04205471649765968,
      "symmetricNonequilibrium" : -0.014434635639190674,
      "symmetricRelaxationIncrement" : 0.028854068368673325
    },
    {
      "actualPostCollision" : 0.06838720291852951,
      "antisymmetricNonequilibrium" : 0.0008305422961711884,
      "antisymmetricRelaxationIncrement" : -1.166159222520946e-06,
      "directionIndex" : 6,
      "equilibriumPopulation" : 0.05313839390873909,
      "latticeDirection" : [
        0,
        0,
        -1
      ],
      "postWithoutAntisymmetricIncrement" : 0.06838836893439293,
      "postWithoutSymmetricIncrement" : 0.039533134406497084,
      "predictedPostCollision" : 0.06838720291852951,
      "predictionResidual" : 0,
      "pullSourceCell" : [
        5,
        9,
        13
      ],
      "pullSourceInsideDomain" : true,
      "pullSourceIsSolid" : false,
      "pulledPopulation" : 0.039534300565719604,
      "symmetricNonequilibrium" : -0.014434635639190674,
      "symmetricRelaxationIncrement" : 0.028854068368673325
    },
    {
      "actualPostCollision" : 0.017408031970262527,
      "antisymmetricNonequilibrium" : 0.0005175750702619553,
      "antisymmetricRelaxationIncrement" : -7.267238970598555e-07,
      "directionIndex" : 7,
      "equilibriumPopulation" : 0.02651255950331688,
      "latticeDirection" : [
        1,
        1,
        0
      ],
      "postWithoutAntisymmetricIncrement" : 0.017408758401870728,
      "postWithoutSymmetricIncrement" : 0.03666092798687259,
      "predictedPostCollision" : 0.017408031970262527,
      "predictionResidual" : 0,
      "pullSourceCell" : [
        4,
        8,
        12
      ],
      "pullSourceInsideDomain" : true,
      "pullSourceIsSolid" : false,
      "pulledPopulation" : 0.03666165471076965,
      "symmetricNonequilibrium" : 0.009631520137190819,
      "symmetricRelaxationIncrement" : -0.019252896308898926
    },
    {
      "actualPostCollision" : 0.01858292892575264,
      "antisymmetricNonequilibrium" : -0.0005175750702619553,
      "antisymmetricRelaxationIncrement" : 7.267238970598555e-07,
      "directionIndex" : 8,
      "equilibriumPopulation" : 0.028721153736114502,
      "latticeDirection" : [
        -1,
        -1,
        0
      ],
      "postWithoutAntisymmetricIncrement" : 0.01858220249414444,
      "postWithoutSymmetricIncrement" : 0.037835825526940425,
      "predictedPostCollision" : 0.01858292892575264,
      "predictionResidual" : 0,
      "pullSourceCell" : [
        6,
        10,
        12
      ],
      "pullSourceInsideDomain" : true,
      "pullSourceIsSolid" : true,