{
  "schemaVersion": 1,
  "reportIdentifier": "maeda-dong-high-re-fixed-moving-wall-stability-v1",
  "classification": "fixed-wall-trt-stable-moving-topology-path-suspect",
  "generatedBy": ".build/release/birdflow validate moving-wall --high-re-stability --json",
  "deviceName": "Apple M4",
  "runtimeSeconds": 0.9489669799804688,
  "sourceLocks": {
    "physicalConditionAudit": {
      "path": "ValidationArtifacts/measured-wing-physical-condition-audit.json",
      "sha256": "3369c175a11ea7468767f7d980a94925e3cecdef1422913dd37f6c9f9793e147"
    },
    "publishedConditionDOI": "10.1155/2022/5433184"
  },
  "productionKernel": "stepFluidTRT",
  "topologyChanges": false,
  "domainResolution": 16,
  "wallLatticeVelocity": 0.07999999821186066,
  "requestedSteps": 500,
  "maximumAllowedRelativePopulationMassDrift": 0.00005,
  "maximumAllowedAbsolutePopulation": 10.0,
  "cases": [
    {
      "matchedBirdChordCells": 8,
      "latticeKinematicViscosity": 0.000043824278691317886,
      "tauPlus": 0.5001314878463745,
      "tauPlusMarginAboveHalf": 0.00013148784637451172,
      "requestedSteps": 500,
      "finiteSteps": 500,
      "firstNonFiniteStep": null,
      "initialPopulationMass": 4096.0000677108765,
      "finalPopulationMass": 4096.039169296622,
      "relativePopulationMassDrift": 0.000009546285424664089,
      "minimumPopulation": 0.0008529914193786681,
      "maximumPopulation": 0.48770666122436523,
      "maximumAbsolutePopulation": 0.48770666122436523,
      "maximumDensityDeviation": 0.000019669532775878906,
      "maximumVelocityMagnitude": 0.07999999821186066,
      "fieldsFinite": true,
      "loadsFinite": true,
      "passed": true
    },
    {
      "matchedBirdChordCells": 12,
      "latticeKinematicViscosity": 0.00006582454079762101,
      "tauPlus": 0.5001974701881409,
      "tauPlusMarginAboveHalf": 0.00019747018814086914,
      "requestedSteps": 500,
      "finiteSteps": 500,
      "firstNonFiniteStep": null,
      "initialPopulationMass": 4096.0000677108765,
      "finalPopulationMass": 4096.0507135391235,
      "relativePopulationMassDrift": 0.00001236470395748178,
      "minimumPopulation": 0.002247945638373494,
      "maximumPopulation": 0.4762619137763977,
      "maximumAbsolutePopulation": 0.4762619137763977,
      "maximumDensityDeviation": 0.000023365020751953125,
      "maximumVelocityMagnitude": 0.07999999821186066,
      "fieldsFinite": true,
      "loadsFinite": true,
      "passed": true
    },
    {
      "matchedBirdChordCells": 16,
      "latticeKinematicViscosity": 0.00008782491204328835,
      "tauPlus": 0.5002634525299072,
      "tauPlusMarginAboveHalf": 0.00026345252990722656,
      "requestedSteps": 500,
      "finiteSteps": 500,
      "firstNonFiniteStep": null,
      "initialPopulationMass": 4096.0000677108765,
      "finalPopulationMass": 4096.041601240635,
      "relativePopulationMassDrift": 0.000010140021746060452,
      "minimumPopulation": 0.003628971753641963,
      "maximumPopulation": 0.46520400047302246,
      "maximumAbsolutePopulation": 0.46520400047302246,
      "maximumDensityDeviation": 0.000018477439880371094,
      "maximumVelocityMagnitude": 0.07999999821186066,
      "fieldsFinite": true,
      "loadsFinite": true,
      "passed": true
    }
  ],
  "passed": true,
  "scientificVerdict": "The production TRT kernel remains finite for 500 steps at the c8, c12, and c16 published-condition relaxation margins when the moving wall does not change topology. Collision-only TRT instability is rejected. The next gate must add lattice-cell cover and uncover transitions without flapping-wing geometry before another bird replay."
}
