{
  "closurePassed" : true,
  "componentOrder" : [
    "reflectedPopulation",
    "interpolationAuxiliary",
    "movingWall",
    "coverImpulse",
    "uncoverImpulse"
  ],
  "finite" : true,
  "maximumAllowedRelativeClosureResidual" : 0.0002,
  "maximumRelativeForceClosureResidual" : 1.5549424052579742e-06,
  "maximumRelativePowerClosureResidual" : 4.00503729614096e-07,
  "maximumRelativeTorqueClosureResidual" : 6.134622703877634e-07,
  "passed" : true,
  "samples" : [
    {
      "components" : {
        "coverImpulse" : {
          "actuatorPowerWatts" : -0.0064329603155565546,
          "load" : {
            "forceNewtons" : [
              -0.037695155,
              0.12579918,
              0.027259361
            ],
            "torqueNewtonMeters" : [
              0.113552265,
              -0.57740045,
              2.0189278
            ]
          }
        },
        "interpolationAuxiliary" : {
          "actuatorPowerWatts" : 0.03787829261080957,
          "load" : {
            "forceNewtons" : [
              0.47130913,
              -0.61699176,
              0.6219835
            ],
            "torqueNewtonMeters" : [
              0.6962602,
              -11.162121,
              -11.887768
            ]
          }
        },
        "movingWall" : {
          "actuatorPowerWatts" : 0.40248323656746265,
          "load" : {
            "forceNewtons" : [
              1.3031654,
              -8.0741825,
              1.6178459
            ],
            "torqueNewtonMeters" : [
              -10.727484,
              -24.897602,
              -126.31581
            ]
          }
        },
        "reflectedPopulation" : {
          "actuatorPowerWatts" : -0.37895603570331954,
          "load" : {
            "forceNewtons" : [
              -1.0124271,
              7.3098984,
              -0.55877304
            ],
            "torqueNewtonMeters" : [
              13.295207,
              10.28627,
              118.93201
            ]
          }
        },
        "uncoverImpulse" : {
          "actuatorPowerWatts" : -0.03055699470589878,
          "load" : {
            "forceNewtons" : [
              -0.5554355,
              0.814548,
              -1.437375
            ],
            "torqueNewtonMeters" : [
              -2.8847117,
              21.671652,
              9.590043
            ]
          }
        }
      },
      "flyer" : "leader",
      "followerPhase" : 0.034780578898225833,
      "leaderPhase" : 0.784780578898226,
      "production" : {
        "actuatorPowerWatts" : 0.024415496671147,
        "load" : {
          "forceNewtons" : [
            0.16891679,
            -0.44092864,
            0.27093887
          ],
          "torqueNewtonMeters" : [
            0.4928074,
            -4.6791534,
            -7.662588
          ]
        }
      },
      "reconstructed" : {
        "actuatorPowerWatts" : 0.024415548329325607,
        "load" : {
          "forceNewtons" : [
            0.16891682,
            -0.44092894,
            0.27094078
          ],
          "torqueNewtonMeters" : [
            0.49282432,
            -4.679201,
            -7.6626043
          ]
        }
      },
      "relativeForceClosureResidual" : 1.0374701261133176e-07,
      "relativePowerClosureResidual" : 6.032666700407755e-08,
      "relativeTorqueClosureResidual" : 1.8220944564835747e-07
    },
    {
      "components" : {
        "coverImpulse" : {
          "actuatorPowerWatts" : -0.0010316475766635413,
          "load" : {
            "forceNewtons" : [
              -0.022853764,
              0.0074423626,
              0.00854137
            ],
            "torqueNewtonMeters" : [
              0.12435966,
              0.2339942,
              0.14870562
            ]
          }
        },
        "interpolationAuxiliary" : {
          "actuatorPowerWatts" : 0.005426259988096783,
          "load" : {
            "forceNewtons" : [
              -0.05129306,
              0.048446104,
              0.80034125
            ],
            "torqueNewtonMeters" : [
              9.749933,
              -2.863676,
              1.8443744
            ]
          }
        },
        "movingWall" : {
          "actuatorPowerWatts" : 0.08025019205176151,
          "load" : {
            "forceNewtons" : [
              -1.6463017,
              0.033910975,
              -0.66438824
            ],
            "torqueNewtonMeters" : [
              -9.658962,
              -5.3050394,
              33.32565
            ]
          }
        },
        "reflectedPopulation" : {
          "actuatorPowerWatts" : -0.0786960513752084,
          "load" : {
            "forceNewtons" : [
              1.305872,
              0.035113215,
              0.074295044
            ],
            "torqueNewtonMeters" : [
              2.1619797,
              7.730261,
              -29.720963
            ]
          }
        },
        "uncoverImpulse" : {
          "actuatorPowerWatts" : -0.003381430548753492,
          "load" : {
            "forceNewtons" : [
              0.14315233,
              -0.050521247,
              -0.22263157
            ],
            "torqueNewtonMeters" : [
              -2.2618496,
              0.7713074,
              -1.6294025
            ]
          }
        }
      },
      "flyer" : "follower",
      "followerPhase" : 0.034780578898225833,
      "leaderPhase" : 0.784780578898226,
      "production" : {
        "actuatorPowerWatts" : 0.0025672537597601778,
        "load" : {
          "forceNewtons" : [
            -0.27142364,
            0.07439107,
            -0.003835678
          ],
          "torqueNewtonMeters" : [
            0.11550903,
            0.56684875,
            3.968358
          ]
        }
      },
      "reconstructed" : {
        "actuatorPowerWatts" : 0.00256732135901509,
        "load" : {
          "forceNewtons" : [
            -0.27142423,
            0.07439141,
            -0.0038421452
          ],
          "torqueNewtonMeters" : [
            0.115460634,
            0.56684697,
            3.9683633
          ]
        }
      },
      "relativeForceClosureResidual" : 1.5549424052579742e-06,
      "relativePowerClosureResidual" : 4.00503729614096e-07,
      "relativeTorqueClosureResidual" : 6.134622703877634e-07
    },
    {
      "components" : {
        "coverImpulse" : {
          "actuatorPowerWatts" : -0.017809992721294,
          "load" : {
            "forceNewtons" : [
              -0.12599741,
              0.24020614,
              -0.022203365
            ],
            "torqueNewtonMeters" : [
              0.2355473,
              0.51127535,
              5.589509
            ]
          }
        },
        "interpolationAuxiliary" : {
          "actuatorPowerWatts" : 0.021934481978807444,
          "load" : {
            "forceNewtons" : [
              0.18690257,
              -0.49278247,
              0.5985687
            ],
            "torqueNewtonMeters" : [
              2.0250292,
              -6.9657135,
              -6.8839436
            ]
          }
        },
        "movingWall" : {
          "actuatorPowerWatts" : 0.4253910741024227,
          "load" : {
            "forceNewtons" : [
              4.995943,
              -7.198316,
              1.9419179
            ],
            "torqueNewtonMeters" : [
              2.308837,
              -32.3027,
              -133.50523
            ]
          }
        },
        "reflectedPopulation" : {
          "actuatorPowerWatts" : -0.41539082863577037,
          "load" : {
            "forceNewtons" : [
              -4.8372574,
              7.172457,
              -2.2422028
            ],
            "torqueNewtonMeters" : [
              -1.867569,
              34.389305,
              130.36674
            ]
          }
        },
        "uncoverImpulse" : {
          "actuatorPowerWatts" : -0.013110886752777344,