{
  "closurePassed" : true,
  "componentOrder" : [
    "reflectedPopulation",
    "interpolationAuxiliary",
    "movingWall",
    "coverImpulse",
    "uncoverImpulse"
  ],
  "finite" : true,
  "maximumAllowedRelativeClosureResidual" : 0.0002,
  "maximumRelativeForceClosureResidual" : 1.8779576944233189e-07,
  "maximumRelativePowerClosureResidual" : 8.15055502784035e-08,
  "maximumRelativeTorqueClosureResidual" : 1.2023354187871327e-07,
  "passed" : true,
  "samples" : [
    {
      "components" : {
        "coverImpulse" : {
          "actuatorPowerWatts" : -0.08685254319852612,
          "load" : {
            "forceNewtons" : [
              -0.21891041,
              1.5794563,
              0.052614145
            ],
            "torqueNewtonMeters" : [
              7.42335,
              -1.6595662,
              68.14476
            ]
          }
        },
        "interpolationAuxiliary" : {
          "actuatorPowerWatts" : 0.1231195795385432,
          "load" : {
            "forceNewtons" : [
              1.2089751,
              -2.6436713,
              5.053607
            ],
            "torqueNewtonMeters" : [
              12.42185,
              -182.72757,
              -96.59998
            ]
          }
        },
        "movingWall" : {
          "actuatorPowerWatts" : 2.4198618912265606,
          "load" : {
            "forceNewtons" : [
              8.248981,
              -48.8153,
              11.551612
            ],
            "torqueNewtonMeters" : [
              -143.47243,
              -438.59207,
              -1898.6307
            ]
          }
        },
        "reflectedPopulation" : {
          "actuatorPowerWatts" : -2.1314249479498346,
          "load" : {
            "forceNewtons" : [
              -4.8499174,
              43.277225,
              -6.543275
            ],
            "torqueNewtonMeters" : [
              153.83679,
              243.78543,
              1672.3223
            ]
          }
        },
        "uncoverImpulse" : {
          "actuatorPowerWatts" : -0.2481935642192875,
          "load" : {
            "forceNewtons" : [
              -3.7815118,
              4.9582562,
              -8.608849
            ],
            "torqueNewtonMeters" : [
              -21.367935,
              323.54266,
              194.7334
            ]
          }
        }
      },
      "flyer" : "leader",
      "followerPhase" : 0.03506069094304376,
      "leaderPhase" : 0.7850606909430439,
      "production" : {
        "actuatorPowerWatts" : 0.07651067308060562,
        "load" : {
          "forceNewtons" : [
            0.6076184,
            -1.6440383,
            1.5057096
          ],
          "torqueNewtonMeters" : [
            8.841721,
            -55.651215,
            -60.0305
          ]
        }
      },
      "reconstructed" : {
        "actuatorPowerWatts" : 0.07651040567356343,
        "load" : {
          "forceNewtons" : [
            0.6076169,
            -1.6440349,
            1.5057096
          ],
          "torqueNewtonMeters" : [
            8.841623,
            -55.651123,
            -60.03029
          ]
        }
      },
      "relativeForceClosureResidual" : 3.333529872728488e-08,
      "relativePowerClosureResidual" : 5.338049233821077e-08,
      "relativeTorqueClosureResidual" : 5.7779042815633354e-08
    },
    {
      "components" : {
        "coverImpulse" : {
          "actuatorPowerWatts" : -0.006468156708215407,
          "load" : {
            "forceNewtons" : [
              0.08189959,
              -0.0013790578,
              0.06373462
            ],
            "torqueNewtonMeters" : [
              2.4867768,
              1.3405207,
              -5.3142285
            ]
          }
        },
        "interpolationAuxiliary" : {
          "actuatorPowerWatts" : 0.037735108710437996,
          "load" : {
            "forceNewtons" : [
              -0.60430807,
              0.43815836,
              0.18092155
            ],
            "torqueNewtonMeters" : [
              10.5097885,
              -14.285259,
              28.58722
            ]
          }
        },
        "movingWall" : {
          "actuatorPowerWatts" : 0.4810470437735612,
          "load" : {
            "forceNewtons" : [
              -10.036737,
              0.109066024,
              -3.8442793
            ],
            "torqueNewtonMeters" : [
              -133.72621,
              -78.57855,
              508.5244
            ]
          }
        },
        "reflectedPopulation" : {
          "actuatorPowerWatts" : -0.4167243051961216,
          "load" : {
            "forceNewtons" : [
              8.071259,
              0.3121944,
              4.7478
            ],
            "torqueNewtonMeters" : [
              170.94092,
              64.0887,
              -410.55338
            ]
          }
        },
        "uncoverImpulse" : {
          "actuatorPowerWatts" : -0.07355550906811181,
          "load" : {
            "forceNewtons" : [
              1.0820335,
              -0.42037374,
              -0.91309786
            ],
            "torqueNewtonMeters" : [
              -36.74781,
              29.716198,
              -62.17861
            ]
          }
        }
      },
      "flyer" : "follower",
      "followerPhase" : 0.03506069094304376,
      "leaderPhase" : 0.7850606909430439,
      "production" : {
        "actuatorPowerWatts" : 0.022034132076423157,
        "load" : {
          "forceNewtons" : [
            -1.4058512,
            0.43766728,
            0.23508072
          ],
          "torqueNewtonMeters" : [
            13.463593,
            2.2816162,
            59.065464
          ]
        }
      },
      "reconstructed" : {
        "actuatorPowerWatts" : 0.022034175569845414,
        "load" : {
          "forceNewtons" : [
            -1.4058539,
            0.43766594,
            0.23507893
          ],
          "torqueNewtonMeters" : [
            13.46347,
            2.2816067,
            59.065414
          ]
        }
      },
      "relativeForceClosureResidual" : 1.5337907302740815e-07,
      "relativePowerClosureResidual" : 4.2828293569532906e-08,
      "relativeTorqueClosureResidual" : 1.2023354187871327e-07
    },
    {
      "components" : {
        "coverImpulse" : {
          "actuatorPowerWatts" : -0.01976830990697374,
          "load" : {
            "forceNewtons" : [
              -0.2816374,
              0.5785345,
              0.06744185
            ],
            "torqueNewtonMeters" : [
              4.5730414,
              -0.44385326,
              15.510274
            ]
          }
        },
        "interpolationAuxiliary" : {
          "actuatorPowerWatts" : 0.050967646107642615,
          "load" : {
            "forceNewtons" : [
              0.045183953,
              -2.3130586,
              4.0222845
            ],
            "torqueNewtonMeters" : [
              46.614464,
              -104.311035,
              -39.989365
            ]
          }
        },
        "movingWall" : {
          "actuatorPowerWatts" : 2.6169969298394298,
          "load" : {
            "forceNewtons" : [
              30.529747,
              -43.91342,
              13.0051565
            ],
            "torqueNewtonMeters" : [
              59.659813,
              -518.62585,
              -2053.3035
            ]
          }
        },
        "reflectedPopulation" : {
          "actuatorPowerWatts" : -2.4326971180873045,
          "load" : {
            "forceNewtons" : [
              -27.835491,
              40.570007,
              -9.772174
            ],
            "torqueNewtonMeters" : [
              -41.255615,
              431.05243,
              1908.7013
            ]
          }
        },
        "uncoverImpulse" : {
          "actuatorPowerWatts" : -0.12892131079322683,