{
  "aggregate": {
    "classification": "mixed",
    "nearBoundaryResidualEnergyFraction": 0.4503897478154156
  },
  "nextAction": "retain both mechanisms and use the phase-resolved residual atlas to select one local probe of each",
  "phaseResults": [
    {
      "actualFollowerPhase16": 0.004901960784313708,
      "actualFollowerPhase20": 0.0049953314659196835,
      "c16SlicePath": "ValidationArtifacts/formation-flight-early-cycle-replay/c16-best-z3-phase025/formation-flight-flow-slices/phase-754902.json",
      "c16SliceSHA256": "01ef220786eb6da7c8c94388d545be1def72f8d21f1923d6df3721de6d7dbdd9",
      "c20SlicePath": "ValidationArtifacts/formation-flight-early-cycle-replay/c20-best-z3-phase025/formation-flight-flow-slices/phase-754995.json",
      "c20SliceSHA256": "78bcbae24ee16c43c954213efe5a6c7abaa7b1f58b7723756590409a2368d579",
      "commonFluidCellCount": 51739,
      "leaderPhase16": 0.7549019607843137,
      "leaderPhase20": 0.7549953314659197,
      "nearBoundaryFluidCellCount": 1764,
      "nearBoundaryNormalizedResidualEnergy": 1249.7097169957194,
      "nearBoundaryResidualEnergyFraction": 0.572198995801277,
      "nearBoundaryResidualLocation": {
        "centroidXChords": 1.7755080394336091,
        "centroidZChords": 1.1753529418731694,
        "peakXChords": 3.0749999999999993,
        "peakZChords": 1.4749999999999996
      },
      "normalizedResidualEnergy": 2184.0473789117586,
      "targetFollowerPhase": 0.005,
      "verticalVelocityNormalizedRMSDifference": 0.07432822108299048,
      "verticalVelocitySpatialCorrelation": 0.9973348865633216,
      "vorticityNormalizedRMSDifference": 0.19154138561203096,
      "vorticitySpatialCorrelation": 0.9864216429055958,
      "wakeResidualLocation": {
        "centroidXChords": 2.1695172536748246,
        "centroidZChords": -2.949808985019265,
        "peakXChords": 3.125,
        "peakZChords": -2.675
      }
    },
    {
      "actualFollowerPhase16": 0.014939309056956063,
      "actualFollowerPhase20": 0.015079365079365026,
      "c16SlicePath": "ValidationArtifacts/formation-flight-early-cycle-replay/c16-best-z3-phase025/formation-flight-flow-slices/phase-764939.json",
      "c16SliceSHA256": "eedf1bed78a4a2825c77ed01bfedbe665399a807a1cea72c187c99a8c3dcd593",
      "c20SlicePath": "ValidationArtifacts/formation-flight-early-cycle-replay/c20-best-z3-phase025/formation-flight-flow-slices/phase-765079.json",
      "c20SliceSHA256": "75d7de20f08dc547bc962065640dc3d45a44816ef19295d47ea602a8aaf04986",
      "commonFluidCellCount": 51737,
      "leaderPhase16": 0.7649393090569561,
      "leaderPhase20": 0.765079365079365,
      "nearBoundaryFluidCellCount": 1710,
      "nearBoundaryNormalizedResidualEnergy": 1684.1472798477612,
      "nearBoundaryResidualEnergyFraction": 0.6469036322658224,
      "nearBoundaryResidualLocation": {
        "centroidXChords": 2.0904065328474983,
        "centroidZChords": 1.1643716468914884,
        "peakXChords": 2.925,
        "peakZChords": 1.2750000000000004
      },
      "normalizedResidualEnergy": 2603.3974704221787,
      "targetFollowerPhase": 0.015,
      "verticalVelocityNormalizedRMSDifference": 0.0731654470351276,
      "verticalVelocitySpatialCorrelation": 0.9974099586382044,
      "vorticityNormalizedRMSDifference": 0.21205342625984436,
      "vorticitySpatialCorrelation": 0.9813853343448957,
      "wakeResidualLocation": {
        "centroidXChords": 2.1843554808429144,
        "centroidZChords": -2.9084247101033793,
        "peakXChords": 3.125,
        "peakZChords": -2.675
      }
    },
    {
      "actualFollowerPhase16": 0.024976657329598417,
      "actualFollowerPhase20": 0.024976657329598417,
      "c16SlicePath": "ValidationArtifacts/formation-flight-early-cycle-replay/c16-best-z3-phase025/formation-flight-flow-slices/phase-774977.json",
      "c16SliceSHA256": "94990da08581ac40e018ab9fffa7a35c9b838dd564b3561c77615402bfb7a094",
      "c20SlicePath": "ValidationArtifacts/formation-flight-early-cycle-replay/c20-best-z3-phase025/formation-flight-flow-slices/phase-774977.json",
      "c20SliceSHA256": "b7e1e9e68b543dab3b5ad7a6bbce2c30d3d4ee202b5a098a759e4c9d174944fd",
      "commonFluidCellCount": 51739,
      "leaderPhase16": 0.7749766573295985,
      "leaderPhase20": 0.7749766573295985,
      "nearBoundaryFluidCellCount": 1638,
      "nearBoundaryNormalizedResidualEnergy": 1359.7954280570893,
      "nearBoundaryResidualEnergyFraction": 0.5674110854604549,
      "nearBoundaryResidualLocation": {
        "centroidXChords": 1.6930167618277976,
        "centroidZChords": 1.1582288196388402,
        "peakXChords": 1.1749999999999998,
        "peakZChords": 1.4249999999999998
      },
      "normalizedResidualEnergy": 2396.4907681590557,
      "targetFollowerPhase": 0.025,
      "verticalVelocityNormalizedRMSDifference": 0.07258667119174841,
      "verticalVelocitySpatialCorrelation": 0.9974471115031789,
      "vorticityNormalizedRMSDifference": 0.20260804788553366,
      "vorticitySpatialCorrelation": 0.9863603756144915,
      "wakeResidualLocation": {
        "centroidXChords": 2.2660017726065087,
        "centroidZChords": -2.31927815608774,
        "peakXChords": 2.875,
        "peakZChords": 1.6750000000000007
      }
    },
    {
      "actualFollowerPhase16": 0.03501400560224077,
      "actualFollowerPhase20": 0.03506069094304376,
      "c16SlicePath": "ValidationArtifacts/formation-flight-early-cycle-replay/c16-best-z3-phase025/formation-flight-flow-slices/phase-785014.json",
      "c16SliceSHA256": "48027a7461d7cf88e0401059896e6ecb1e7511468fc8c4379151bf98138cabec",
      "c20SlicePath": "ValidationArtifacts/formation-flight-early-cycle-replay/c20-best-z3-phase025/formation-flight-flow-slices/phase-785061.json",
      "c20SliceSHA256": "f5d132ea7133a04eddfd2a74874c3c6fb3ba1e1b963b4e516ca9ee091da946a4",
      "commonFluidCellCount": 51757,
      "leaderPhase16": 0.7850140056022409,
      "leaderPhase20": 0.7850606909430439,
      "nearBoundaryFluidCellCount": 1548,
      "nearBoundaryNormalizedResidualEnergy": 1814.315087572589,
      "nearBoundaryResidualEnergyFraction": 0.6003601432444668,
      "nearBoundaryResidualLocation": {
        "centroidXChords": 1.8215324226280873,
        "centroidZChords": 1.0229261089822532,
        "peakXChords": 2.425,
        "peakZChords": 0.875
      },
      "normalizedResidualEnergy": 3022.0445310837354,
      "targetFollowerPhase": 0.035,
      "verticalVelocityNormalizedRMSDifference": 0.07391157464835113,
      "verticalVelocitySpatialCorrelation": 0.9973605738673303,
      "vorticityNormalizedRMSDifference": 0.2300568991804648,
      "vorticitySpatialCorrelation": 0.9775308164896158,
      "wakeResidualLocation": {
        "centroidXChords": 2.323835262913934,
        "centroidZChords": -1.7631062949517105,
        "peakXChords": 2.925,
        "peakZChords": 1.375
      }
    },
    {
      "actualFollowerPhase16": 0.04505135387488313,
      "actualFollowerPhase20": 0.04495798319327715,
      "c16SlicePath": "ValidationArtifacts/formation-flight-early-cycle-replay/c16-best-z3-phase025/formation-flight-flow-slices/phase-795051.json",
      "c16SliceSHA256": "7e4546d5c89a55fb03e88b8fd8800a7b81331a60ba3a822f651d248055f97a35",
      "c20SlicePath": "ValidationArtifacts/formation-flight-early-cycle-replay/c20-best-z3-phase025/formation-flight-flow-slices/phase-794958.json",
      "c20SliceSHA256": "3a0e52453177df67d9e1bad020abcca946215df47af7a3aba647fe5bab46dbc7",
      "commonFluidCellCount": 51764,
      "leaderPhase16": 0.7950513538748832,
      "leaderPhase20": 0.7949579831932773,
      "nearBoundaryFluidCellCount": 1485,
      "nearBoundaryNormalizedResidualEnergy": 1278.1623993777785,
      "nearBoundaryResidualEnergyFraction": 0.48748552881646046,
      "nearBoundaryResidualLocation": {
        "centroidXChords": 1.54611355143043,
        "centroidZChords": 1.0496720000395168,
        "peakXChords": 1.5250000000000004,
        "peakZChords": 1.1749999999999998
      },